{"age": {"coef": 0.003042450565593488, "exp(coef)": 1.003047083515631, "se(coef)": 0.005162229555740486, "coef lower 95%": -0.007075333443586068, "coef upper 95%": 0.013160234574773045, "exp(coef) lower 95%": 0.9929496378000832, "exp(coef) upper 95%": 1.0132472115889715, "cmp to": 0.0, "z": 0.5893675460848563, "p": 0.5556147423992527, "-log2(p)": 0.8478432153230558}, "sex": {"coef": -0.06436665798587951, "exp(coef)": 0.9376611355509461, "se(coef)": 0.09091279397653713, "coef lower 95%": -0.24255245991380225, "coef upper 95%": 0.11381914394204323, "exp(coef) lower 95%": 0.7846225852658558, "exp(coef) upper 95%": 1.1205494484010872, "cmp to": 0.0, "z": -0.7080043981762493, "p": 0.47894252621425504, "-log2(p)": 1.0620755540001536}, "tumor_stage": {"coef": 0.14949089095972448, "exp(coef)": 1.161242892955539, "se(coef)": 0.04440363870912643, "coef lower 95%": 0.06246135830730805, "coef upper 95%": 0.23652042361214093, "exp(coef) lower 95%": 1.0644533258448365, "exp(coef) upper 95%": 1.266833428670517, "cmp to": 0.0, "z": 3.366636052936786, "p": 0.0007609103748638227, "-log2(p)": 10.359985846128405}, "biomarker": {"coef": 0.15813519683322946, "exp(coef)": 1.1713245433722572, "se(coef)": 0.04452894794590447, "coef lower 95%": 0.07086006258979788, "coef upper 95%": 0.24541033107666105, "exp(coef) lower 95%": 1.0734310022031683, "exp(coef) upper 95%": 1.2781456685061796, "cmp to": 0.0, "z": 3.5512897593120405, "p": 0.0003833481238327329, "-log2(p)": 11.349057260469703}, "treatment_group_B": {"coef": -0.07510537456270522, "exp(coef)": 0.9276457309149359, "se(coef)": 0.09087957597123032, "coef lower 95%": -0.25322607039658834, "coef upper 95%": 0.1030153212711779, "exp(coef) lower 95%": 0.7762923652620527, "exp(coef) upper 95%": 1.108508392703589, "cmp to": 0.0, "z": -0.8264274316869752, "p": 0.40856166773173563, "-log2(p)": 1.291374241691221}}