covariate,coef,exp(coef),se(coef),coef lower 95%,coef upper 95%,exp(coef) lower 95%,exp(coef) upper 95%,cmp to,z,p,-log2(p)
age,0.003042450565593488,1.003047083515631,0.005162229555740486,-0.007075333443586068,0.013160234574773045,0.9929496378000832,1.0132472115889715,0.0,0.5893675460848563,0.5556147423992527,0.8478432153230558
sex,-0.06436665798587951,0.9376611355509461,0.09091279397653713,-0.24255245991380225,0.11381914394204323,0.7846225852658558,1.1205494484010872,0.0,-0.7080043981762493,0.47894252621425504,1.0620755540001536
tumor_stage,0.14949089095972448,1.161242892955539,0.04440363870912643,0.06246135830730805,0.23652042361214093,1.0644533258448365,1.266833428670517,0.0,3.366636052936786,0.0007609103748638227,10.359985846128405
biomarker,0.15813519683322946,1.1713245433722572,0.04452894794590447,0.07086006258979788,0.24541033107666105,1.0734310022031683,1.2781456685061796,0.0,3.5512897593120405,0.0003833481238327329,11.349057260469703
treatment_group_B,-0.07510537456270522,0.9276457309149359,0.09087957597123032,-0.25322607039658834,0.1030153212711779,0.7762923652620527,1.108508392703589,0.0,-0.8264274316869752,0.40856166773173563,1.291374241691221
