covariate,coef,exp(coef),se(coef),coef lower 95%,coef upper 95%,exp(coef) lower 95%,exp(coef) upper 95%,cmp to,z,p,-log2(p)
age,0.00381612815584747,1.0038234188440152,0.005210293384736293,-0.006395859227122958,0.014028115538817899,0.9936245507442203,1.0141269712638976,0.0,0.7324209740332338,0.46391166089015334,1.1080779846406312
sex,-0.048561605521181155,0.9525986521616845,0.09248361221714543,-0.22982615462695474,0.13270294358459242,0.7946717405008361,1.1419107360334064,0.0,-0.5250833564671079,0.5995252455795004,0.7381075891119276
tumor_stage,0.14147909219511015,1.1519764187108212,0.04510998271729438,0.053065150725988885,0.22989303366423142,1.0544983442141131,1.2584653892982836,0.0,3.13631448457349,0.0017108563795574956,9.191065628982516
biomarker,0.4825694336077159,1.620232137299171,0.048803504457409726,0.3869163225518529,0.5782225446635789,1.4724332766589072,1.782866646897415,0.0,9.888007817734664,4.692733258777294e-23,74.17391772442458
treatment_group_B,-0.03545129066428934,0.9651697458622075,0.09242935494962658,-0.2166094974798264,0.14570691615124773,0.8052443578673462,1.1568570822338873,0.0,-0.3835501252130351,0.7013119119552829,0.5118718621382734
