{"age": {"coef": 0.00381612815584747, "exp(coef)": 1.0038234188440152, "se(coef)": 0.005210293384736293, "coef lower 95%": -0.006395859227122958, "coef upper 95%": 0.014028115538817899, "exp(coef) lower 95%": 0.9936245507442203, "exp(coef) upper 95%": 1.0141269712638976, "cmp to": 0.0, "z": 0.7324209740332338, "p": 0.46391166089015334, "-log2(p)": 1.1080779846406312}, "sex": {"coef": -0.048561605521181155, "exp(coef)": 0.9525986521616845, "se(coef)": 0.09248361221714543, "coef lower 95%": -0.22982615462695474, "coef upper 95%": 0.13270294358459242, "exp(coef) lower 95%": 0.7946717405008361, "exp(coef) upper 95%": 1.1419107360334064, "cmp to": 0.0, "z": -0.5250833564671079, "p": 0.5995252455795004, "-log2(p)": 0.7381075891119276}, "tumor_stage": {"coef": 0.14147909219511015, "exp(coef)": 1.1519764187108212, "se(coef)": 0.04510998271729438, "coef lower 95%": 0.053065150725988885, "coef upper 95%": 0.22989303366423142, "exp(coef) lower 95%": 1.0544983442141131, "exp(coef) upper 95%": 1.2584653892982836, "cmp to": 0.0, "z": 3.13631448457349, "p": 0.0017108563795574956, "-log2(p)": 9.191065628982516}, "biomarker": {"coef": 0.4825694336077159, "exp(coef)": 1.620232137299171, "se(coef)": 0.048803504457409726, "coef lower 95%": 0.3869163225518529, "coef upper 95%": 0.5782225446635789, "exp(coef) lower 95%": 1.4724332766589072, "exp(coef) upper 95%": 1.782866646897415, "cmp to": 0.0, "z": 9.888007817734664, "p": 4.692733258777294e-23, "-log2(p)": 74.17391772442458}, "treatment_group_B": {"coef": -0.03545129066428934, "exp(coef)": 0.9651697458622075, "se(coef)": 0.09242935494962658, "coef lower 95%": -0.2166094974798264, "coef upper 95%": 0.14570691615124773, "exp(coef) lower 95%": 0.8052443578673462, "exp(coef) upper 95%": 1.1568570822338873, "cmp to": 0.0, "z": -0.3835501252130351, "p": 0.7013119119552829, "-log2(p)": 0.5118718621382734}}