{"age": {"coef": -0.0010189255023198272, "exp(coef)": 0.9989815934260051, "se(coef)": 0.005512823640943873, "coef lower 95%": -0.011823861291690788, "coef upper 95%": 0.009786010287051134, "exp(coef) lower 95%": 0.9882457658654366, "exp(coef) upper 95%": 1.0098340498631055, "cmp to": 0.0, "z": -0.18482824205589368, "p": 0.853363755527921, "-log2(p)": 0.2287672578783934}, "sex": {"coef": -0.07482834282989713, "exp(coef)": 0.9279027538193098, "se(coef)": 0.09579170015094428, "coef lower 95%": -0.26257662514360797, "coef upper 95%": 0.11291993948381372, "exp(coef) lower 95%": 0.7690674322083196, "exp(coef) upper 95%": 1.1195422982262444, "cmp to": 0.0, "z": -0.7811568508752426, "p": 0.43471024838653893, "-log2(p)": 1.2018739870280875}, "tumor_stage": {"coef": 0.19464906102057078, "exp(coef)": 1.214884561321426, "se(coef)": 0.04812403608811097, "coef lower 95%": 0.10032768349716745, "coef upper 95%": 0.2889704385439741, "exp(coef) lower 95%": 1.1055331236882102, "exp(coef) upper 95%": 1.335052261856434, "cmp to": 0.0, "z": 4.044736826815297, "p": 5.238193318824086e-05, "-log2(p)": 14.220571170196514}, "biomarker": {"coef": 0.15657404926825558, "exp(coef)": 1.1694973595364737, "se(coef)": 0.04724127839564786, "coef lower 95%": 0.06398284502915563, "coef upper 95%": 0.24916525350735552, "exp(coef) lower 95%": 1.066074110134358, "exp(coef) upper 95%": 1.282954028205796, "cmp to": 0.0, "z": 3.314348268836859, "p": 0.000918570182626972, "-log2(p)": 10.088322426030194}, "treatment_group_B": {"coef": -0.021885273028173075, "exp(coef)": 0.9783524720292779, "se(coef)": 0.0959362735483319, "coef lower 95%": -0.20991691399388626, "coef upper 95%": 0.1661463679375401, "exp(coef) lower 95%": 0.8106515969757278, "exp(coef) upper 95%": 1.1807459124199546, "cmp to": 0.0, "z": -0.22812302603297863, "p": 0.8195505998084052, "-log2(p)": 0.28709506949299646}}