covariate,coef,exp(coef),se(coef),coef lower 95%,coef upper 95%,exp(coef) lower 95%,exp(coef) upper 95%,cmp to,z,p,-log2(p)
age,-0.0010189255023198272,0.9989815934260051,0.005512823640943873,-0.011823861291690788,0.009786010287051134,0.9882457658654366,1.0098340498631055,0.0,-0.18482824205589368,0.853363755527921,0.2287672578783934
sex,-0.07482834282989713,0.9279027538193098,0.09579170015094428,-0.26257662514360797,0.11291993948381372,0.7690674322083196,1.1195422982262444,0.0,-0.7811568508752426,0.43471024838653893,1.2018739870280875
tumor_stage,0.19464906102057078,1.214884561321426,0.04812403608811097,0.10032768349716745,0.2889704385439741,1.1055331236882102,1.335052261856434,0.0,4.044736826815297,5.238193318824086e-05,14.220571170196514
biomarker,0.15657404926825558,1.1694973595364737,0.04724127839564786,0.06398284502915563,0.24916525350735552,1.066074110134358,1.282954028205796,0.0,3.314348268836859,0.000918570182626972,10.088322426030194
treatment_group_B,-0.021885273028173075,0.9783524720292779,0.0959362735483319,-0.20991691399388626,0.1661463679375401,0.8106515969757278,1.1807459124199546,0.0,-0.22812302603297863,0.8195505998084052,0.28709506949299646
