{"age": {"coef": 0.0021386086153514353, "exp(coef)": 1.002140897069835, "se(coef)": 0.005478098524733417, "coef lower 95%": -0.008598267196888065, "coef upper 95%": 0.012875484427590934, "exp(coef) lower 95%": 0.9914385921845846, "exp(coef) upper 95%": 1.0129587303708236, "cmp to": 0.0, "z": 0.3903925067604561, "p": 0.6962463279179913, "-log2(p)": 0.5223302813517111}, "sex": {"coef": -0.046621898255404914, "exp(coef)": 0.9544482079071028, "se(coef)": 0.09546740982602316, "coef lower 95%": -0.23373458321173557, "coef upper 95%": 0.14049078670092574, "exp(coef) lower 95%": 0.7915718844837457, "exp(coef) upper 95%": 1.150838476496933, "cmp to": 0.0, "z": -0.48835407119945135, "p": 0.6252990680442877, "-log2(p)": 0.6773817278524308}, "tumor_stage": {"coef": 0.1663400667962329, "exp(coef)": 1.180974643707376, "se(coef)": 0.04716061678635254, "coef lower 95%": 0.0739069564062868, "coef upper 95%": 0.258773177186179, "exp(coef) lower 95%": 1.0767066201821747, "exp(coef) upper 95%": 1.2953399588495011, "cmp to": 0.0, "z": 3.52709693237873, "p": 0.00042014291894622524, "-log2(p)": 11.216832210273074}, "biomarker": {"coef": 0.46968132980620625, "exp(coef)": 1.599484403989369, "se(coef)": 0.04943127778808412, "coef lower 95%": 0.3727978056317666, "coef upper 95%": 0.5665648539806458, "exp(coef) lower 95%": 1.4517907662375251, "exp(coef) upper 95%": 1.7622032169521729, "cmp to": 0.0, "z": 9.50170318921894, "p": 2.0648500066081553e-21, "-log2(p)": 68.71445300642911}, "treatment_group_B": {"coef": 0.026107458698663884, "exp(coef)": 1.0264512436621331, "se(coef)": 0.09538623279096364, "coef lower 95%": -0.16084612219257838, "coef upper 95%": 0.21306103958990613, "exp(coef) lower 95%": 0.851423076143654, "exp(coef) upper 95%": 1.2374601830004592, "cmp to": 0.0, "z": 0.273702587205406, "p": 0.7843131893545499, "-log2(p)": 0.3504982332717738}}