covariate,coef,exp(coef),se(coef),coef lower 95%,coef upper 95%,exp(coef) lower 95%,exp(coef) upper 95%,cmp to,z,p,-log2(p)
age,0.0021386086153514353,1.002140897069835,0.005478098524733417,-0.008598267196888065,0.012875484427590934,0.9914385921845846,1.0129587303708236,0.0,0.3903925067604561,0.6962463279179913,0.5223302813517111
sex,-0.046621898255404914,0.9544482079071028,0.09546740982602316,-0.23373458321173557,0.14049078670092574,0.7915718844837457,1.150838476496933,0.0,-0.48835407119945135,0.6252990680442877,0.6773817278524308
tumor_stage,0.1663400667962329,1.180974643707376,0.04716061678635254,0.0739069564062868,0.258773177186179,1.0767066201821747,1.2953399588495011,0.0,3.52709693237873,0.00042014291894622524,11.216832210273074
biomarker,0.46968132980620625,1.599484403989369,0.04943127778808412,0.3727978056317666,0.5665648539806458,1.4517907662375251,1.7622032169521729,0.0,9.50170318921894,2.0648500066081553e-21,68.71445300642911
treatment_group_B,0.026107458698663884,1.0264512436621331,0.09538623279096364,-0.16084612219257838,0.21306103958990613,0.851423076143654,1.2374601830004592,0.0,0.273702587205406,0.7843131893545499,0.3504982332717738
