covariate,coef,exp(coef),se(coef),coef lower 95%,coef upper 95%,exp(coef) lower 95%,exp(coef) upper 95%,cmp to,z,p,-log2(p)
age,0.001754279669842188,1.0017558193186153,0.005441110587824114,-0.008910101118192638,0.012418660457877014,0.9911294761995807,1.0124960922226025,0.0,0.32241205936299855,0.7471405495524603,0.4205484314325272
sex,-0.0407144891407214,0.9601032107121064,0.094051459148981,-0.22505196176616432,0.14362298348472152,0.7984747275243277,1.1544487802109056,0.0,-0.4328958796506085,0.6650904135228479,0.5883776185222858
tumor_stage,0.1696990974312685,1.1849482437006384,0.04665298810227131,0.07826092097964107,0.26113727388289587,1.0814047830577809,1.298405890418745,0.0,3.6374754187075675,0.0002753234587488719,11.826584840524795
biomarker,0.3298062651497472,1.3906986755637574,0.04705437153750197,0.23758139162107672,0.4220311386784177,1.2681782116707112,1.5250560121726586,0.0,7.00904622404518,2.399481783479713e-12,38.60041427828573
treatment_group_B,-0.0039965189848732595,0.9960114564689033,0.0940775023964918,-0.18838503543747784,0.1803919974677313,0.8282957226205114,1.1976867612919142,0.0,-0.0424811339913111,0.9661151510663869,0.049732941052336034
