{"age": {"coef": 0.001754279669842188, "exp(coef)": 1.0017558193186153, "se(coef)": 0.005441110587824114, "coef lower 95%": -0.008910101118192638, "coef upper 95%": 0.012418660457877014, "exp(coef) lower 95%": 0.9911294761995807, "exp(coef) upper 95%": 1.0124960922226025, "cmp to": 0.0, "z": 0.32241205936299855, "p": 0.7471405495524603, "-log2(p)": 0.4205484314325272}, "sex": {"coef": -0.0407144891407214, "exp(coef)": 0.9601032107121064, "se(coef)": 0.094051459148981, "coef lower 95%": -0.22505196176616432, "coef upper 95%": 0.14362298348472152, "exp(coef) lower 95%": 0.7984747275243277, "exp(coef) upper 95%": 1.1544487802109056, "cmp to": 0.0, "z": -0.4328958796506085, "p": 0.6650904135228479, "-log2(p)": 0.5883776185222858}, "tumor_stage": {"coef": 0.1696990974312685, "exp(coef)": 1.1849482437006384, "se(coef)": 0.04665298810227131, "coef lower 95%": 0.07826092097964107, "coef upper 95%": 0.26113727388289587, "exp(coef) lower 95%": 1.0814047830577809, "exp(coef) upper 95%": 1.298405890418745, "cmp to": 0.0, "z": 3.6374754187075675, "p": 0.0002753234587488719, "-log2(p)": 11.826584840524795}, "biomarker": {"coef": 0.3298062651497472, "exp(coef)": 1.3906986755637574, "se(coef)": 0.04705437153750197, "coef lower 95%": 0.23758139162107672, "coef upper 95%": 0.4220311386784177, "exp(coef) lower 95%": 1.2681782116707112, "exp(coef) upper 95%": 1.5250560121726586, "cmp to": 0.0, "z": 7.00904622404518, "p": 2.399481783479713e-12, "-log2(p)": 38.60041427828573}, "treatment_group_B": {"coef": -0.0039965189848732595, "exp(coef)": 0.9960114564689033, "se(coef)": 0.0940775023964918, "coef lower 95%": -0.18838503543747784, "coef upper 95%": 0.1803919974677313, "exp(coef) lower 95%": 0.8282957226205114, "exp(coef) upper 95%": 1.1976867612919142, "cmp to": 0.0, "z": -0.0424811339913111, "p": 0.9661151510663869, "-log2(p)": 0.049732941052336034}}