covariate,coef,exp(coef),se(coef),coef lower 95%,coef upper 95%,exp(coef) lower 95%,exp(coef) upper 95%,cmp to,z,p,-log2(p)
age,0.0013110192648676368,1.0013118790263043,0.005412553476074671,-0.009297390612635795,0.011919429142371069,0.9907456964875381,1.0119907486187092,0.0,0.24221825625608842,0.8086110497291803,0.3064821766097223
sex,-0.06467337470471407,0.9373735833048663,0.09347235699054562,-0.24787582795625424,0.1185290785468261,0.780456848183364,1.1258396114058655,0.0,-0.6918984049076192,0.48900113242539256,1.0320902887229284
tumor_stage,0.16954866048937012,1.1847699971183197,0.04631745656990912,0.07876811375685014,0.2603292072218901,1.081953402869229,1.2973571157032535,0.0,3.660577955818069,0.0002516469742044391,11.95631112853162
biomarker,0.14899091809937617,1.1606624481402072,0.044995540851496256,0.06080127856554279,0.23718055763320955,1.0626877143759448,1.2676699846049464,0.0,3.3112374088602987,0.0009288436949062052,10.072276538114988
treatment_group_B,-0.0345500817300753,0.9660399575225759,0.09347229848464962,-0.2177524203121664,0.14865225685201583,0.8043245514391372,1.1602694432992668,0.0,-0.3696291017787398,0.7116588643738195,0.49074224781811054
