{"age": {"coef": 0.0013110192648676368, "exp(coef)": 1.0013118790263043, "se(coef)": 0.005412553476074671, "coef lower 95%": -0.009297390612635795, "coef upper 95%": 0.011919429142371069, "exp(coef) lower 95%": 0.9907456964875381, "exp(coef) upper 95%": 1.0119907486187092, "cmp to": 0.0, "z": 0.24221825625608842, "p": 0.8086110497291803, "-log2(p)": 0.3064821766097223}, "sex": {"coef": -0.06467337470471407, "exp(coef)": 0.9373735833048663, "se(coef)": 0.09347235699054562, "coef lower 95%": -0.24787582795625424, "coef upper 95%": 0.1185290785468261, "exp(coef) lower 95%": 0.780456848183364, "exp(coef) upper 95%": 1.1258396114058655, "cmp to": 0.0, "z": -0.6918984049076192, "p": 0.48900113242539256, "-log2(p)": 1.0320902887229284}, "tumor_stage": {"coef": 0.16954866048937012, "exp(coef)": 1.1847699971183197, "se(coef)": 0.04631745656990912, "coef lower 95%": 0.07876811375685014, "coef upper 95%": 0.2603292072218901, "exp(coef) lower 95%": 1.081953402869229, "exp(coef) upper 95%": 1.2973571157032535, "cmp to": 0.0, "z": 3.660577955818069, "p": 0.0002516469742044391, "-log2(p)": 11.95631112853162}, "biomarker": {"coef": 0.14899091809937617, "exp(coef)": 1.1606624481402072, "se(coef)": 0.044995540851496256, "coef lower 95%": 0.06080127856554279, "coef upper 95%": 0.23718055763320955, "exp(coef) lower 95%": 1.0626877143759448, "exp(coef) upper 95%": 1.2676699846049464, "cmp to": 0.0, "z": 3.3112374088602987, "p": 0.0009288436949062052, "-log2(p)": 10.072276538114988}, "treatment_group_B": {"coef": -0.0345500817300753, "exp(coef)": 0.9660399575225759, "se(coef)": 0.09347229848464962, "coef lower 95%": -0.2177524203121664, "coef upper 95%": 0.14865225685201583, "exp(coef) lower 95%": 0.8043245514391372, "exp(coef) upper 95%": 1.1602694432992668, "cmp to": 0.0, "z": -0.3696291017787398, "p": 0.7116588643738195, "-log2(p)": 0.49074224781811054}}