{"age": {"coef": 0.00016917300704346862, "exp(coef)": 1.0001691873176035, "se(coef)": 0.005534453674058001, "coef lower 95%": -0.010678156868215594, "coef upper 95%": 0.01101650288230253, "exp(coef) lower 95%": 0.9893786522634254, "exp(coef) upper 95%": 1.011077407998502, "cmp to": 0.0, "z": 0.030567246020405607, "p": 0.9756146638261891, "-log2(p)": 0.0356166523843274}, "sex": {"coef": -0.046826320201477464, "exp(coef)": 0.9542531176880575, "se(coef)": 0.09625260941190801, "coef lower 95%": -0.2354779680668182, "coef upper 95%": 0.14182532766386324, "exp(coef) lower 95%": 0.790193072297998, "exp(coef) upper 95%": 1.1523753428630064, "cmp to": 0.0, "z": -0.48649403364314703, "p": 0.626616934507354, "-log2(p)": 0.6743443353928154}, "tumor_stage": {"coef": 0.19433043963062097, "exp(coef)": 1.2144975347746116, "se(coef)": 0.04853897254458996, "coef lower 95%": 0.09919580159664614, "coef upper 95%": 0.2894650776645958, "exp(coef) lower 95%": 1.1042824986685134, "exp(coef) upper 95%": 1.3357127942823441, "cmp to": 0.0, "z": 4.00359606813063, "p": 6.23868500382279e-05, "-log2(p)": 13.968398505988706}, "biomarker": {"coef": 0.3373982993329917, "exp(coef)": 1.4012970882963451, "se(coef)": 0.04906083603237006, "coef lower 95%": 0.24124082765812144, "coef upper 95%": 0.43355577100786197, "exp(coef) lower 95%": 1.2728275304738477, "exp(coef) upper 95%": 1.542733388974384, "cmp to": 0.0, "z": 6.877141251942348, "p": 6.106555528758081e-12, "-log2(p)": 37.25277829752686}, "treatment_group_B": {"coef": 0.002940487815960599, "exp(coef)": 1.002944815290848, "se(coef)": 0.09652001854489627, "coef lower 95%": -0.1862352723191742, "coef upper 95%": 0.1921162479510954, "exp(coef) lower 95%": 0.830078277564984, "exp(coef) upper 95%": 1.2118113793672245, "cmp to": 0.0, "z": 0.030465056475230904, "p": 0.975696161331004, "-log2(p)": 0.03549614257667011}}