covariate,coef,exp(coef),se(coef),coef lower 95%,coef upper 95%,exp(coef) lower 95%,exp(coef) upper 95%,cmp to,z,p,-log2(p)
age,0.00016917300704346862,1.0001691873176035,0.005534453674058001,-0.010678156868215594,0.01101650288230253,0.9893786522634254,1.011077407998502,0.0,0.030567246020405607,0.9756146638261891,0.0356166523843274
sex,-0.046826320201477464,0.9542531176880575,0.09625260941190801,-0.2354779680668182,0.14182532766386324,0.790193072297998,1.1523753428630064,0.0,-0.48649403364314703,0.626616934507354,0.6743443353928154
tumor_stage,0.19433043963062097,1.2144975347746116,0.04853897254458996,0.09919580159664614,0.2894650776645958,1.1042824986685134,1.3357127942823441,0.0,4.00359606813063,6.23868500382279e-05,13.968398505988706
biomarker,0.3373982993329917,1.4012970882963451,0.04906083603237006,0.24124082765812144,0.43355577100786197,1.2728275304738477,1.542733388974384,0.0,6.877141251942348,6.106555528758081e-12,37.25277829752686
treatment_group_B,0.002940487815960599,1.002944815290848,0.09652001854489627,-0.1862352723191742,0.1921162479510954,0.830078277564984,1.2118113793672245,0.0,0.030465056475230904,0.975696161331004,0.03549614257667011
