{"age": {"coef": -7.428527407651634e-05, "exp(coef)": 0.9999257174850061, "se(coef)": 0.005586310293776617, "coef lower 95%": -0.011023252256344056, "coef upper 95%": 0.010874681708191022, "exp(coef) lower 95%": 0.9890372811596011, "exp(coef) upper 95%": 1.0109340259809256, "cmp to": 0.0, "z": -0.013297735029017852, "p": 0.9893902552140525, "-log2(p)": 0.015388404834524342}, "sex": {"coef": -0.043830467168222295, "exp(coef)": 0.9571162063402043, "se(coef)": 0.09753623275331127, "coef lower 95%": -0.23499797055242838, "coef upper 95%": 0.14733703621598382, "exp(coef) lower 95%": 0.7905724540524546, "exp(coef) upper 95%": 1.1587444360644055, "cmp to": 0.0, "z": -0.4493762567094256, "p": 0.6531602562196701, "-log2(p)": 0.6144910870545354}, "tumor_stage": {"coef": 0.19115273763766047, "exp(coef)": 1.210644348918488, "se(coef)": 0.048889370838769076, "coef lower 95%": 0.09533133156685031, "coef upper 95%": 0.28697414370847063, "exp(coef) lower 95%": 1.1000232671848482, "exp(coef) upper 95%": 1.3323897623721623, "cmp to": 0.0, "z": 3.9099038166815006, "p": 9.233287918660615e-05, "-log2(p)": 13.402795999990825}, "biomarker": {"coef": 0.47462756496423447, "exp(coef)": 1.607415428168888, "se(coef)": 0.05138803775689505, "coef lower 95%": 0.3739088617245357, "coef upper 95%": 0.5753462682039332, "exp(coef) lower 95%": 1.4534046836241277, "exp(coef) upper 95%": 1.7777459972625045, "cmp to": 0.0, "z": 9.236148833111471, "p": 2.5552896996701028e-20, "-log2(p)": 65.08507503531837}, "treatment_group_B": {"coef": 0.03188889182669271, "exp(coef)": 1.032402790544188, "se(coef)": 0.09765414414494544, "coef lower 95%": -0.15950971363848335, "coef upper 95%": 0.22328749729186878, "exp(coef) lower 95%": 0.8525616858802002, "exp(coef) upper 95%": 1.2501799454229732, "cmp to": 0.0, "z": 0.3265492939998622, "p": 0.7440088001685417, "-log2(p)": 0.42660840919326326}}