covariate,coef,exp(coef),se(coef),coef lower 95%,coef upper 95%,exp(coef) lower 95%,exp(coef) upper 95%,cmp to,z,p,-log2(p)
age,-7.428527407651634e-05,0.9999257174850061,0.005586310293776617,-0.011023252256344056,0.010874681708191022,0.9890372811596011,1.0109340259809256,0.0,-0.013297735029017852,0.9893902552140525,0.015388404834524342
sex,-0.043830467168222295,0.9571162063402043,0.09753623275331127,-0.23499797055242838,0.14733703621598382,0.7905724540524546,1.1587444360644055,0.0,-0.4493762567094256,0.6531602562196701,0.6144910870545354
tumor_stage,0.19115273763766047,1.210644348918488,0.048889370838769076,0.09533133156685031,0.28697414370847063,1.1000232671848482,1.3323897623721623,0.0,3.9099038166815006,9.233287918660615e-05,13.402795999990825
biomarker,0.47462756496423447,1.607415428168888,0.05138803775689505,0.3739088617245357,0.5753462682039332,1.4534046836241277,1.7777459972625045,0.0,9.236148833111471,2.5552896996701028e-20,65.08507503531837
treatment_group_B,0.03188889182669271,1.032402790544188,0.09765414414494544,-0.15950971363848335,0.22328749729186878,0.8525616858802002,1.2501799454229732,0.0,0.3265492939998622,0.7440088001685417,0.42660840919326326
