covariate,coef,exp(coef),se(coef),coef lower 95%,coef upper 95%,exp(coef) lower 95%,exp(coef) upper 95%,cmp to,z,p,-log2(p)
age,0.003267818362308841,1.0032731635014622,0.005181804213961995,-0.006888331271994553,0.013423967996612236,0.9931353389013465,1.0135144739847168,0.0,0.6306333136832808,0.5282803113282326,0.9206244523232772
sex,-0.05053117544594534,0.9507242889566343,0.0913327839289931,-0.2295401425545505,0.1284777916626598,0.7948990587185455,1.1370961679955123,0.0,-0.5532643731218236,0.5800823928904659,0.7856702646949215
tumor_stage,0.146156452670749,1.1573772486483351,0.04466866254030725,0.05860748285417336,0.23370542248732465,1.0603589499762762,1.2632723057779254,0.0,3.272013182370597,0.0010678459697781011,9.871080722527394
biomarker,0.3392558113562394,1.4039024334668742,0.04648524158227842,0.24814641204232996,0.4303652106701488,1.2816475670955272,1.5378190489299368,0.0,7.298140222757795,2.9177248008802495e-13,41.64022141852136
treatment_group_B,-0.056329571951028654,0.9452275640580954,0.09132830628574777,-0.2353297630401373,0.12267061913808001,0.7903101915619783,1.130511990601267,0.0,-0.6167810861923229,0.537379128974856,0.8959878046289341
