{"age": {"coef": 0.003267818362308841, "exp(coef)": 1.0032731635014622, "se(coef)": 0.005181804213961995, "coef lower 95%": -0.006888331271994553, "coef upper 95%": 0.013423967996612236, "exp(coef) lower 95%": 0.9931353389013465, "exp(coef) upper 95%": 1.0135144739847168, "cmp to": 0.0, "z": 0.6306333136832808, "p": 0.5282803113282326, "-log2(p)": 0.9206244523232772}, "sex": {"coef": -0.05053117544594534, "exp(coef)": 0.9507242889566343, "se(coef)": 0.0913327839289931, "coef lower 95%": -0.2295401425545505, "coef upper 95%": 0.1284777916626598, "exp(coef) lower 95%": 0.7948990587185455, "exp(coef) upper 95%": 1.1370961679955123, "cmp to": 0.0, "z": -0.5532643731218236, "p": 0.5800823928904659, "-log2(p)": 0.7856702646949215}, "tumor_stage": {"coef": 0.146156452670749, "exp(coef)": 1.1573772486483351, "se(coef)": 0.04466866254030725, "coef lower 95%": 0.05860748285417336, "coef upper 95%": 0.23370542248732465, "exp(coef) lower 95%": 1.0603589499762762, "exp(coef) upper 95%": 1.2632723057779254, "cmp to": 0.0, "z": 3.272013182370597, "p": 0.0010678459697781011, "-log2(p)": 9.871080722527394}, "biomarker": {"coef": 0.3392558113562394, "exp(coef)": 1.4039024334668742, "se(coef)": 0.04648524158227842, "coef lower 95%": 0.24814641204232996, "coef upper 95%": 0.4303652106701488, "exp(coef) lower 95%": 1.2816475670955272, "exp(coef) upper 95%": 1.5378190489299368, "cmp to": 0.0, "z": 7.298140222757795, "p": 2.9177248008802495e-13, "-log2(p)": 41.64022141852136}, "treatment_group_B": {"coef": -0.056329571951028654, "exp(coef)": 0.9452275640580954, "se(coef)": 0.09132830628574777, "coef lower 95%": -0.2353297630401373, "coef upper 95%": 0.12267061913808001, "exp(coef) lower 95%": 0.7903101915619783, "exp(coef) upper 95%": 1.130511990601267, "cmp to": 0.0, "z": -0.6167810861923229, "p": 0.537379128974856, "-log2(p)": 0.8959878046289341}}