covariate,coef,exp(coef),se(coef),coef lower 95%,coef upper 95%,exp(coef) lower 95%,exp(coef) upper 95%,cmp to,z,p,-log2(p)
age,-0.005311787172413167,0.994702295423452,0.008438488931240886,-0.021850921561585197,0.011227347216758861,0.978386080448778,1.0112906104171469,0.0,-0.6294713681199396,0.5290405076562248,0.9185499038195784
sex,0.24450001797183754,1.2769826851740598,0.15054589190215656,-0.05056450817684946,0.5395645441205246,0.9506925992479018,1.7152597795800617,0.0,1.6240896040573731,0.1043566863778156,3.2604050545709695
tumor_stage,0.18220878403019494,1.1998646803138193,0.07575628632791602,0.03372919122497545,0.3306883768354144,1.0343044700715551,1.3919259683417828,0.0,2.4051968867836573,0.016163754769740756,5.951093820987948
biomarker,0.06587134394028278,1.0680892921661471,0.07384731576388764,-0.07886673531189399,0.21060942319245957,0.9241630745430129,1.23443012111699,0.0,0.8919937476250799,0.3723962836696616,1.4250894193002748
treatment_group_B,0.04538074021040342,1.0464262006035343,0.1493959360315055,-0.24742991384799715,0.33819139426880396,0.7808049425071718,1.40240889074481,0.0,0.3037615440947019,0.7613095665050279,0.39344488787575094
